Year, Global_ARPA
2022, 11.7640172644401
2023, 11.6375948698416